filename,length,chroma_stft_mean,chroma_stft_var,rms_mean,rms_var,spectral_centroid_mean,spectral_centroid_var,spectral_bandwidth_mean,spectral_bandwidth_var,rolloff_mean,rolloff_var,zero_crossing_rate_mean,zero_crossing_rate_var,harmony_mean,harmony_var,tempo_mean,tempo_var,plp_mean,plp_var,mfcc1_mean,mfcc1_var,mfcc2_mean,mfcc2_var,mfcc3_mean,mfcc3_var,mfcc4_mean,mfcc4_var,mfcc5_mean,mfcc5_var,mfcc6_mean,mfcc6_var,mfcc7_mean,mfcc7_var,mfcc8_mean,mfcc8_var,mfcc9_mean,mfcc9_var,mfcc10_mean,mfcc10_var,mfcc11_mean,mfcc11_var,mfcc12_mean,mfcc12_var,mfcc13_mean,mfcc13_var,mfcc14_mean,mfcc14_var,mfcc15_mean,mfcc15_var,mfcc16_mean,mfcc16_var,mfcc17_mean,mfcc17_var,mfcc18_mean,mfcc18_var,mfcc19_mean,mfcc19_var,mfcc20_mean,mfcc20_var
path/to/audio/file.wav,30.013333333333332,0.3408494,0.09497617,0.09590782,0.0023727198,1530.2617668815155,375915.5085219971,2038.987608168796,213905.10295057163,3550.7136156830047,2978310.9040219653,0.05603980870552978,0.001447521491359064,0.00014128137,0.0051013343,107.666015625,0.0,0.26434836,0.104510196,-207.52383,7769.1045,123.98514,559.91345,8.947019,572.3363,35.86715,264.7167,2.9095948,279.97607,21.519472,156.3668,-8.556513,200.80203,23.370676,142.56712,-10.103608,166.11464,11.899242,104.35725,-5.558824,105.15637,5.3778763,96.20453,-2.2344918,64.87307,4.220704,73.15043,-6.0106864,52.429462,0.9292943,55.337963,-0.728403,60.231407,0.29687244,48.133217,-0.28243044,51.106014,0.5306444,45.7887
